{
	"pages": [ //pages数组中第一项表示应用启动页，参考：https://uniapp.dcloud.io/collocation/pages
		{
			"path": "pages/splash/splash",
			"style": {
				"navigationBarTitleText": "启动",
				"navigationStyle": "custom" 
			}
		},
		{
	      "path": "pages/login/login",
	      "style": {
	        "navigationBarTitleText": "登录",
	        "navigationBarBackgroundColor": "#fff",
	        "navigationBarTextStyle": "black"
	      }
	    },
		{
			"path": "pages/index/index",
			"style": {
				"navigationBarTitleText": "首页",
				"navigationStyle": "custom" 
			}
		},
		{
			"path": "pages/my/my",
			"style": {
				"navigationBarTitleText": "我的",
				"navigationStyle": "custom" 
			}
		},
		{
			"path": "pages/recommend/recommend",
			"style": {
				"navigationBarTitleText": "发现",
				"enablePullDownRefresh": true,
				"navigationStyle": "custom" 
			}
		},
		{
			"path": "pages/kefu/kefu",
			"style": {
				"navigationBarTitleText": "客服",
				"navigationStyle": "custom" 
			}
		},
		{
			"path": "pages/detail/detail",
			"style": {
				"navigationBarTitleText": "景点详情",
				"navigationStyle": "custom"
			}
		},
		{
			"path": "pages/edit/edit",
			"style": {
				"navigationBarTitleText": "编辑",
				"navigationStyle": "custom"
			}
		},
		{
			"path": "pages/my-mark/my-mark",
			"style": {
				"navigationBarTitleText": "我的标注",
				"enablePullDownRefresh": false,
				"navigationStyle": "custom" 
			}
		},
		{
			"path": "pages/my-collection/my-collection",
			"style": {
				"navigationBarTitleText": "我的收藏",
				"enablePullDownRefresh": false,
				"navigationStyle": "custom" 
			}
		},
		{
			"path": "pages/my-like/my-like",
			"style": {
				"navigationBarTitleText": "我的点赞",
				"enablePullDownRefresh": false,
				"navigationStyle": "custom" 
			}
		},
		{
			"path": "pages/set/set",
			"style": {
				"navigationBarTitleText": "设置"
				
			}
		}
	],
	"globalStyle": {
		"navigationBarTextStyle": "black",
		"navigationBarTitleText": "WeMap",
		"navigationBarBackgroundColor": "#fff",
		"backgroundColor": "#F8F8F8"
	},
	"tabBar": {
		"color": "#9799a5",
		"selectedColor": "#ffa500",
		"list": [
			{
				"text":"首页",
			    "pagePath":"pages/index/index",
				"iconPath": "/static/images/定位-h.png",
				"selectedIconPath": "/static/images/定位.png"
			},{
				"text":"发现",
			    "pagePath":"pages/recommend/recommend",
				"iconPath": "/static/images/发现-h.png",
				"selectedIconPath": "/static/images/发现.png"
			},{
				"text":"我的",
			    "pagePath":"pages/my/my",
				"iconPath": "/static/images/我的-h.png",
				"selectedIconPath": "/static/images/我的.png"
			}
			
		]
	},
	"uniIdRouter": {}
}
